concept_id,concept,gpt_atomic,gpt_joint,mistral_atomic,mistral_joint
1,Age,0.000801,0.000801,0.015773,0.015773
2,Gender,0.001138,0.001138,0.018195,0.018195
3,Eating disorder,0.017700,0.020667,0.128717,0.145094
4,Mental status,0.015069,0.015069,0.209789,0.209789
5,Reason for visit,0.026579,0.026579,0.100770,0.100770
6,Refusal of treatment,0.028255,0.033278,0.329951,0.407424
7,Self-perception,0.021485,0.013495,0.181113,0.087262
8,Vital signs,0.016501,0.012707,0.019458,0.050009
9,EMS treatment,0.031063,0.027269,0.387576,0.418127
